{"cameraMode":{"drawMode":0,"name":"Shaded","section":"Shading Mode"},"sceneLighting":true,"audioPlay":false,"sceneViewState":{"showFog":true,"showMaterialUpdate":false,"showSkybox":true,"showFlares":true,"showImageEffects":true,"showParticleSystems":true},"in2DMode":false,"pivot":{"x":-16.15782928466797,"y":37.57156753540039,"z":113.69132995605469},"rotation":{"x":0.019686635583639146,"y":0.906241238117218,"z":-0.04246728494763374,"w":0.4201616048812866},"size":22.0,"orthographic":false}