{"cameraMode":{"drawMode":0,"name":"Shaded","section":"Shading Mode"},"sceneLighting":false,"audioPlay":false,"sceneViewState":{"showFog":true,"showMaterialUpdate":false,"showSkybox":true,"showFlares":true,"showImageEffects":true,"showParticleSystems":true},"in2DMode":false,"pivot":{"x":-1.3260066509246827,"y":1.3895853757858277,"z":0.6111423969268799},"rotation":{"x":-0.06506657600402832,"y":0.27851423621177676,"z":-0.01891569420695305,"w":-0.958038866519928},"size":8.083316802978516,"orthographic":false}