{"cameraMode":{"drawMode":0,"name":"Shaded","section":"Shading Mode"},"sceneLighting":false,"audioPlay":false,"sceneViewState":{"showFog":true,"showMaterialUpdate":false,"showSkybox":true,"showFlares":true,"showImageEffects":true,"showParticleSystems":true},"in2DMode":false,"pivot":{"x":2.3577284812927248,"y":2.2513184547424318,"z":11.038456916809082},"rotation":{"x":-0.07425086200237274,"y":0.8532701134681702,"z":-0.12661518156528474,"w":-0.5003854036331177},"size":4.634708881378174,"orthographic":false}