{"cameraMode":{"drawMode":0,"name":"Shaded","section":"Shading Mode"},"sceneLighting":false,"audioPlay":false,"sceneViewState":{"showFog":true,"showMaterialUpdate":false,"showSkybox":true,"showFlares":true,"showImageEffects":true,"showParticleSystems":true},"in2DMode":false,"pivot":{"x":-1.8319871425628663,"y":2.5749611854553224,"z":1.7778620719909669},"rotation":{"x":-0.0009934987174347044,"y":-0.8363451361656189,"z":0.0015156760346144438,"w":-0.5482003092765808},"size":6.842051029205322,"orthographic":false}