{"cameraMode":{"drawMode":0,"name":"Shaded","section":"Shading Mode"},"sceneLighting":false,"audioPlay":false,"sceneViewState":{"showFog":true,"showMaterialUpdate":false,"showSkybox":true,"showFlares":true,"showImageEffects":true,"showParticleSystems":true},"in2DMode":false,"pivot":{"x":0.0,"y":1.2237286567687989,"z":-0.02499997615814209},"rotation":{"x":-0.016963308677077295,"y":-0.3765014111995697,"z":0.006895329337567091,"w":-0.9262351393699646},"size":6.842051029205322,"orthographic":false}