{"cameraMode":{"drawMode":0,"name":"Shaded","section":"Shading Mode"},"sceneLighting":false,"audioPlay":false,"sceneViewState":{"showFog":true,"showMaterialUpdate":false,"showSkybox":true,"showFlares":true,"showImageEffects":true,"showParticleSystems":true},"in2DMode":false,"pivot":{"x":3.815884590148926,"y":2.8717846870422365,"z":-1.9697341918945313},"rotation":{"x":-0.002365147927775979,"y":0.9939018487930298,"z":-0.10807571560144425,"w":-0.021753165870904924},"size":44.53510284423828,"orthographic":false}