{"cameraMode":{"drawMode":0,"name":"Shaded","section":"Shading Mode"},"sceneLighting":true,"audioPlay":false,"sceneViewState":{"showFog":true,"showMaterialUpdate":false,"showSkybox":true,"showFlares":true,"showImageEffects":true,"showParticleSystems":true},"in2DMode":false,"pivot":{"x":18.339500427246095,"y":1.0,"z":57.946998596191409},"rotation":{"x":-0.0011704323114827276,"y":-0.004838964901864529,"z":-0.000009065020094567444,"w":0.9999876022338867},"size":6.728772163391113,"orthographic":false}