{"cameraMode":{"drawMode":0,"name":"Shaded","section":"Shading Mode"},"sceneLighting":false,"audioPlay":false,"sceneViewState":{"showFog":true,"showMaterialUpdate":false,"showSkybox":true,"showFlares":true,"showImageEffects":true,"showParticleSystems":true},"in2DMode":false,"pivot":{"x":2.9959938526153566,"y":1.0870070457458497,"z":0.7057574987411499},"rotation":{"x":-0.07145083695650101,"y":-0.4739757180213928,"z":0.03862510994076729,"w":-0.8767838478088379},"size":7.046871662139893,"orthographic":false}