{"cameraMode":{"drawMode":0,"name":"Shaded","section":"Shading Mode"},"sceneLighting":false,"audioPlay":false,"sceneViewState":{"showFog":true,"showMaterialUpdate":false,"showSkybox":true,"showFlares":true,"showImageEffects":true,"showParticleSystems":true},"in2DMode":false,"pivot":{"x":-2.466644048690796,"y":0.9551854133605957,"z":-0.8108954429626465},"rotation":{"x":0.03516304865479469,"y":-0.9171199202537537,"z":0.08305811136960983,"w":0.38827311992645266},"size":6.453117370605469,"orthographic":false}