{"cameraMode":{"drawMode":0,"name":"Shaded","section":"Shading Mode"},"sceneLighting":false,"audioPlay":false,"sceneViewState":{"showFog":true,"showMaterialUpdate":false,"showSkybox":true,"showFlares":true,"showImageEffects":true,"showParticleSystems":true},"in2DMode":false,"pivot":{"x":-0.2532590627670288,"y":0.41738390922546389,"z":-3.4479637145996095},"rotation":{"x":-0.014775078743696213,"y":0.9810650944709778,"z":-0.17428870499134065,"w":-0.08316508680582047},"size":8.573651313781739,"orthographic":false}