{"cameraMode":{"drawMode":0,"name":"Shaded","section":"Shading Mode"},"sceneLighting":false,"audioPlay":false,"sceneViewState":{"showFog":true,"showMaterialUpdate":false,"showSkybox":true,"showFlares":true,"showImageEffects":true,"showParticleSystems":true},"in2DMode":false,"pivot":{"x":1.501448154449463,"y":1.410775899887085,"z":10.66257095336914},"rotation":{"x":-0.10357256233692169,"y":-0.03190696984529495,"z":0.003324250690639019,"w":-0.9941044449806213},"size":19.312753677368165,"orthographic":false}